{
    "BD": {"code": "AS", "name": "Asia"},
    "BE": {"code": "EU", "name": "Europe"},
    "BF": {"code": "AF", "name": "Africa"},
    "BG": {"code": "EU", "name": "Europe"},
    "BA": {"code": "EU", "name": "Europe"},
    "BB": {"code": "NA", "name": "North America"},
    "WF": {"code": "OC", "name": "Oceania"},
    "BL": {"code": "NA", "name": "North America"},
    "BM": {"code": "NA", "name": "North America"},
    "BN": {"code": "AS", "name": "Asia"},
    "BO": {"code": "SA", "name": "South America"},
    "BH": {"code": "AS", "name": "Asia"},
    "BI": {"code": "AF", "name": "Africa"},
    "BJ": {"code": "AF", "name": "Africa"},
    "BT": {"code": "AS", "name": "Asia"},
    "JM": {"code": "NA", "name": "North America"},
    "BV": {"code": "AN", "name": "Antarctica"},
    "BW": {"code": "AF", "name": "Africa"},
    "WS": {"code": "OC", "name": "Oceania"},
    "BQ": {"code": "NA", "name": "North America"},
    "BR": {"code": "SA", "name": "South America"},
    "BS": {"code": "NA", "name": "North America"},
    "JE": {"code": "EU", "name": "Europe"},
    "BY": {"code": "EU", "name": "Europe"},
    "BZ": {"code": "NA", "name": "North America"},
    "RU": {"code": "EU", "name": "Europe"},
    "RW": {"code": "AF", "name": "Africa"},
    "RS": {"code": "EU", "name": "Europe"},
    "TL": {"code": "OC", "name": "Oceania"},
    "RE": {"code": "AF", "name": "Africa"},
    "TM": {"code": "AS", "name": "Asia"},
    "TJ": {"code": "AS", "name": "Asia"},
    "RO": {"code": "EU", "name": "Europe"},
    "TK": {"code": "OC", "name": "Oceania"},
    "GW": {"code": "AF", "name": "Africa"},
    "GU": {"code": "OC", "name": "Oceania"},
    "GT": {"code": "NA", "name": "North America"},
    "GS": {"code": "AN", "name": "Antarctica"},
    "GR": {"code": "EU", "name": "Europe"},
    "GQ": {"code": "AF", "name": "Africa"},
    "GP": {"code": "NA", "name": "North America"},
    "JP": {"code": "AS", "name": "Asia"},
    "GY": {"code": "SA", "name": "South America"},
    "GG": {"code": "EU", "name": "Europe"},
    "GF": {"code": "SA", "name": "South America"},
    "GE": {"code": "AS", "name": "Asia"},
    "GD": {"code": "NA", "name": "North America"},
    "GB": {"code": "EU", "name": "Europe"},
    "GA": {"code": "AF", "name": "Africa"},
    "SV": {"code": "NA", "name": "North America"},
    "GN": {"code": "AF", "name": "Africa"},
    "GM": {"code": "AF", "name": "Africa"},
    "GL": {"code": "NA", "name": "North America"},
    "GI": {"code": "EU", "name": "Europe"},
    "GH": {"code": "AF", "name": "Africa"},
    "OM": {"code": "AS", "name": "Asia"},
    "TN": {"code": "AF", "name": "Africa"},
    "JO": {"code": "AS", "name": "Asia"},
    "HR": {"code": "EU", "name": "Europe"},
    "HT": {"code": "NA", "name": "North America"},
    "HU": {"code": "EU", "name": "Europe"},
    "HK": {"code": "AS", "name": "Asia"},
    "HN": {"code": "NA", "name": "North America"},
    "HM": {"code": "AN", "name": "Antarctica"},
    "VE": {"code": "SA", "name": "South America"},
    "PR": {"code": "NA", "name": "North America"},
    "PS": {"code": "AS", "name": "Asia"},
    "PW": {"code": "OC", "name": "Oceania"},
    "PT": {"code": "EU", "name": "Europe"},
    "SJ": {"code": "EU", "name": "Europe"},
    "PY": {"code": "SA", "name": "South America"},
    "IQ": {"code": "AS", "name": "Asia"},
    "PA": {"code": "NA", "name": "North America"},
    "PF": {"code": "OC", "name": "Oceania"},
    "PG": {"code": "OC", "name": "Oceania"},
    "PE": {"code": "SA", "name": "South America"},
    "PK": {"code": "AS", "name": "Asia"},
    "PH": {"code": "AS", "name": "Asia"},
    "PN": {"code": "OC", "name": "Oceania"},
    "PL": {"code": "EU", "name": "Europe"},
    "PM": {"code": "NA", "name": "North America"},
    "ZM": {"code": "AF", "name": "Africa"},
    "EH": {"code": "AF", "name": "Africa"},
    "EE": {"code": "EU", "name": "Europe"},
    "EG": {"code": "AF", "name": "Africa"},
    "ZA": {"code": "AF", "name": "Africa"},
    "EC": {"code": "SA", "name": "South America"},
    "IT": {"code": "EU", "name": "Europe"},
    "VN": {"code": "AS", "name": "Asia"},
    "SB": {"code": "OC", "name": "Oceania"},
    "ET": {"code": "AF", "name": "Africa"},
    "SO": {"code": "AF", "name": "Africa"},
    "ZW": {"code": "AF", "name": "Africa"},
    "SA": {"code": "AS", "name": "Asia"},
    "ES": {"code": "EU", "name": "Europe"},
    "ER": {"code": "AF", "name": "Africa"},
    "ME": {"code": "EU", "name": "Europe"},
    "MD": {"code": "EU", "name": "Europe"},
    "MG": {"code": "AF", "name": "Africa"},
    "MF": {"code": "NA", "name": "North America"},
    "MA": {"code": "AF", "name": "Africa"},
    "MC": {"code": "EU", "name": "Europe"},
    "UZ": {"code": "AS", "name": "Asia"},
    "MM": {"code": "AS", "name": "Asia"},
    "ML": {"code": "AF", "name": "Africa"},
    "MO": {"code": "AS", "name": "Asia"},
    "MN": {"code": "AS", "name": "Asia"},
    "MH": {"code": "OC", "name": "Oceania"},
    "MK": {"code": "EU", "name": "Europe"},
    "MU": {"code": "AF", "name": "Africa"},
    "MT": {"code": "EU", "name": "Europe"},
    "MW": {"code": "AF", "name": "Africa"},
    "MV": {"code": "AS", "name": "Asia"},
    "MQ": {"code": "NA", "name": "North America"},
    "MP": {"code": "OC", "name": "Oceania"},
    "MS": {"code": "NA", "name": "North America"},
    "MR": {"code": "AF", "name": "Africa"},
    "IM": {"code": "EU", "name": "Europe"},
    "UG": {"code": "AF", "name": "Africa"},
    "TZ": {"code": "AF", "name": "Africa"},
    "MY": {"code": "AS", "name": "Asia"},
    "MX": {"code": "NA", "name": "North America"},
    "IL": {"code": "AS", "name": "Asia"},
    "FR": {"code": "EU", "name": "Europe"},
    "IO": {"code": "AS", "name": "Asia"},
    "SH": {"code": "AF", "name": "Africa"},
    "FI": {"code": "EU", "name": "Europe"},
    "FJ": {"code": "OC", "name": "Oceania"},
    "FK": {"code": "SA", "name": "South America"},
    "FM": {"code": "OC", "name": "Oceania"},
    "FO": {"code": "EU", "name": "Europe"},
    "NI": {"code": "NA", "name": "North America"},
    "NL": {"code": "EU", "name": "Europe"},
    "NO": {"code": "EU", "name": "Europe"},
    "NA": {"code": "AF", "name": "Africa"},
    "VU": {"code": "OC", "name": "Oceania"},
    "NC": {"code": "OC", "name": "Oceania"},
    "NE": {"code": "AF", "name": "Africa"},
    "NF": {"code": "OC", "name": "Oceania"},
    "NG": {"code": "AF", "name": "Africa"},
    "NZ": {"code": "OC", "name": "Oceania"},
    "NP": {"code": "AS", "name": "Asia"},
    "NR": {"code": "OC", "name": "Oceania"},
    "NU": {"code": "OC", "name": "Oceania"},
    "CK": {"code": "OC", "name": "Oceania"},
    "XK": {"code": "EU", "name": "Europe"},
    "CI": {"code": "AF", "name": "Africa"},
    "CH": {"code": "EU", "name": "Europe"},
    "CO": {"code": "SA", "name": "South America"},
    "CN": {"code": "AS", "name": "Asia"},
    "CM": {"code": "AF", "name": "Africa"},
    "CL": {"code": "SA", "name": "South America"},
    "CC": {"code": "AS", "name": "Asia"},
    "CA": {"code": "NA", "name": "North America"},
    "CG": {"code": "AF", "name": "Africa"},
    "CF": {"code": "AF", "name": "Africa"},
    "CD": {"code": "AF", "name": "Africa"},
    "CZ": {"code": "EU", "name": "Europe"},
    "CY": {"code": "EU", "name": "Europe"},
    "CX": {"code": "AS", "name": "Asia"},
    "CR": {"code": "NA", "name": "North America"},
    "CW": {"code": "NA", "name": "North America"},
    "CV": {"code": "AF", "name": "Africa"},
    "CU": {"code": "NA", "name": "North America"},
    "SZ": {"code": "AF", "name": "Africa"},
    "SY": {"code": "AS", "name": "Asia"},
    "SX": {"code": "NA", "name": "North America"},
    "KG": {"code": "AS", "name": "Asia"},
    "KE": {"code": "AF", "name": "Africa"},
    "SS": {"code": "AF", "name": "Africa"},
    "SR": {"code": "SA", "name": "South America"},
    "KI": {"code": "OC", "name": "Oceania"},
    "KH": {"code": "AS", "name": "Asia"},
    "KN": {"code": "NA", "name": "North America"},
    "KM": {"code": "AF", "name": "Africa"},
    "ST": {"code": "AF", "name": "Africa"},
    "SK": {"code": "EU", "name": "Europe"},
    "KR": {"code": "AS", "name": "Asia"},
    "SI": {"code": "EU", "name": "Europe"},
    "KP": {"code": "AS", "name": "Asia"},
    "KW": {"code": "AS", "name": "Asia"},
    "SN": {"code": "AF", "name": "Africa"},
    "SM": {"code": "EU", "name": "Europe"},
    "SL": {"code": "AF", "name": "Africa"},
    "SC": {"code": "AF", "name": "Africa"},
    "KZ": {"code": "AS", "name": "Asia"},
    "KY": {"code": "NA", "name": "North America"},
    "SG": {"code": "AS", "name": "Asia"},
    "SE": {"code": "EU", "name": "Europe"},
    "SD": {"code": "AF", "name": "Africa"},
    "DO": {"code": "NA", "name": "North America"},
    "DM": {"code": "NA", "name": "North America"},
    "DJ": {"code": "AF", "name": "Africa"},
    "DK": {"code": "EU", "name": "Europe"},
    "VG": {"code": "NA", "name": "North America"},
    "DE": {"code": "EU", "name": "Europe"},
    "YE": {"code": "AS", "name": "Asia"},
    "DZ": {"code": "AF", "name": "Africa"},
    "US": {"code": "NA", "name": "North America"},
    "UY": {"code": "SA", "name": "South America"},
    "YT": {"code": "AF", "name": "Africa"},
    "UM": {"code": "OC", "name": "Oceania"},
    "LB": {"code": "AS", "name": "Asia"},
    "LC": {"code": "NA", "name": "North America"},
    "LA": {"code": "AS", "name": "Asia"},
    "TV": {"code": "OC", "name": "Oceania"},
    "TW": {"code": "AS", "name": "Asia"},
    "TT": {"code": "NA", "name": "North America"},
    "TR": {"code": "AS", "name": "Asia"},
    "LK": {"code": "AS", "name": "Asia"},
    "LI": {"code": "EU", "name": "Europe"},
    "LV": {"code": "EU", "name": "Europe"},
    "TO": {"code": "OC", "name": "Oceania"},
    "LT": {"code": "EU", "name": "Europe"},
    "LU": {"code": "EU", "name": "Europe"},
    "LR": {"code": "AF", "name": "Africa"},
    "LS": {"code": "AF", "name": "Africa"},
    "TH": {"code": "AS", "name": "Asia"},
    "TF": {"code": "AN", "name": "Antarctica"},
    "TG": {"code": "AF", "name": "Africa"},
    "TD": {"code": "AF", "name": "Africa"},
    "TC": {"code": "NA", "name": "North America"},
    "LY": {"code": "AF", "name": "Africa"},
    "VA": {"code": "EU", "name": "Europe"},
    "VC": {"code": "NA", "name": "North America"},
    "AE": {"code": "AS", "name": "Asia"},
    "AD": {"code": "EU", "name": "Europe"},
    "AG": {"code": "NA", "name": "North America"},
    "AF": {"code": "AS", "name": "Asia"},
    "AI": {"code": "NA", "name": "North America"},
    "VI": {"code": "NA", "name": "North America"},
    "IS": {"code": "EU", "name": "Europe"},
    "IR": {"code": "AS", "name": "Asia"},
    "AM": {"code": "AS", "name": "Asia"},
    "AL": {"code": "EU", "name": "Europe"},
    "AO": {"code": "AF", "name": "Africa"},
    "AQ": {"code": "AN", "name": "Antarctica"},
    "AS": {"code": "OC", "name": "Oceania"},
    "AR": {"code": "SA", "name": "South America"},
    "AU": {"code": "OC", "name": "Oceania"},
    "AT": {"code": "EU", "name": "Europe"},
    "AW": {"code": "NA", "name": "North America"},
    "IN": {"code": "AS", "name": "Asia"},
    "AX": {"code": "EU", "name": "Europe"},
    "AZ": {"code": "AS", "name": "Asia"},
    "IE": {"code": "EU", "name": "Europe"},
    "ID": {"code": "AS", "name": "Asia"},
    "UA": {"code": "EU", "name": "Europe"},
    "QA": {"code": "AS", "name": "Asia"},
    "MZ": {"code": "AF", "name": "Africa"}
  }
