{
    "AD" : { "code": "EUR" ,"symbol": "€"},
    "AE" : { "code": "AED" ,"symbol": "د.إ"},
    "AF" : { "code": "AFN" ,"symbol": "؋"},
    "AG" : { "code": "XCD" ,"symbol": "$"},
    "AI" : { "code": "XCD" ,"symbol": "$"},
    "AL" : { "code": "ALL" ,"symbol": "L"},
    "AM" : { "code": "AMD" ,"symbol": "֏"},
    "AO" : { "code": "AOA" ,"symbol": "Kz"},
    "AQ" : { "code": ""    ,"symbol": "$"},
    "AR" : { "code": "ARS" ,"symbol": "$"},
    "AS" : { "code": "USD" ,"symbol": "$"},
    "AT" : { "code": "EUR" ,"symbol": "€"},
    "AU" : { "code": "AUD" ,"symbol": "$"},
    "AW" : { "code": "AWG" ,"symbol": "ƒ"},
    "AX" : { "code": "EUR" ,"symbol": "€"},
    "AZ" : { "code": "AZN" ,"symbol": "₼"},
    "BA" : { "code": "BAM" ,"symbol": "KM"},
    "BB" : { "code": "BBD" ,"symbol": "$"},
    "BD" : { "code": "BDT" ,"symbol": "৳"},
    "BE" : { "code": "EUR" ,"symbol": "€"},
    "BF" : { "code": "XOF" ,"symbol": "CFA"},
    "BG" : { "code": "BGN" ,"symbol": "лв"},
    "BH" : { "code": "BHD" ,"symbol": ".د.ب"},
    "BI" : { "code": "BIF" ,"symbol": "FBu"},
    "BJ" : { "code": "XOF" ,"symbol": "CFA"},
    "BL" : { "code": "EUR" ,"symbol": "€"},
    "BM" : { "code": "BMD" ,"symbol": "$"},
    "BN" : { "code": "BND" ,"symbol": "$"},
    "BO" : { "code": "BOB" ,"symbol": "$b"},
    "BQ" : { "code": "USD" ,"symbol": "$"},
    "BR" : { "code": "BRL" ,"symbol": "R$"},
    "BS" : { "code": "BSD" ,"symbol": "$"},
    "BT" : { "code": "BTN" ,"symbol": "Nu."},
    "BV" : { "code": "NOK" ,"symbol": "kr"},
    "BW" : { "code": "BWP" ,"symbol": "P"},
    "BY" : { "code": "BYR" ,"symbol": "Br"},
    "BZ" : { "code": "BZD" ,"symbol": "BZ$"},
    "CA" : { "code": "CAD" ,"symbol": "$"},
    "CC" : { "code": "AUD" ,"symbol": "$"},
    "CD" : { "code": "CDF" ,"symbol": "FC"},
    "CF" : { "code": "XAF" ,"symbol": "FCFA"},
    "CG" : { "code": "XAF" ,"symbol": "FCFA"},
    "CH" : { "code": "CHF" ,"symbol": "CHF"},
    "CI" : { "code": "XOF" ,"symbol": "CFA"},
    "CK" : { "code": "NZD" ,"symbol": "$"},
    "CL" : { "code": "CLP" ,"symbol": "$"},
    "CM" : { "code": "XAF" ,"symbol": "FCFA"},
    "CN" : { "code": "CNY" ,"symbol": "¥"},
    "CO" : { "code": "COP" ,"symbol": "$"},
    "CR" : { "code": "CRC" ,"symbol": "₡"},
    "CU" : { "code": "CUP" ,"symbol": "₱"},
    "CV" : { "code": "CVE" ,"symbol": "$"},
    "CW" : { "code": "ANG" ,"symbol": "ƒ"},
    "CX" : { "code": "AUD" ,"symbol": "$"},
    "CY" : { "code": "EUR" ,"symbol": "€"},
    "CZ" : { "code": "CZK" ,"symbol": "Kč"},
    "DE" : { "code": "EUR" ,"symbol": "€"},
    "DJ" : { "code": "DJF" ,"symbol": "Fdj"},
    "DK" : { "code": "DKK" ,"symbol": "kr"},
    "DM" : { "code": "XCD" ,"symbol": "$"},
    "DO" : { "code": "DOP" ,"symbol": "RD$"},
    "DZ" : { "code": "DZD" ,"symbol": "دج"},
    "EC" : { "code": "USD" ,"symbol": "$"},
    "EE" : { "code": "EUR" ,"symbol": "€"},
    "EG" : { "code": "EGP" ,"symbol": "£"},
    "EH" : { "code": "MAD" ,"symbol": "MAD"},
    "ER" : { "code": "ERN" ,"symbol": "Nfk"},
    "ES" : { "code": "EUR" ,"symbol": "€"},
    "ET" : { "code": "ETB" ,"symbol": "Br"},
    "FI" : { "code": "EUR" ,"symbol": "€"},
    "FJ" : { "code": "FJD" ,"symbol": "$"},
    "FK" : { "code": "FKP" ,"symbol": "£"},
    "FM" : { "code": "USD" ,"symbol": "$"},
    "FO" : { "code": "DKK" ,"symbol": "kr"},
    "FR" : { "code": "EUR" ,"symbol": "€"},
    "GA" : { "code": "XAF" ,"symbol": "FCFA"},
    "GB" : { "code": "GBP" ,"symbol": "£"},
    "GD" : { "code": "XCD" ,"symbol": "$"},
    "GE" : { "code": "GEL" ,"symbol": "ლ"},
    "GF" : { "code": "EUR" ,"symbol": "€"},
    "GG" : { "code": "GBP" ,"symbol": "£"},
    "GH" : { "code": "GHS" ,"symbol": "GH₵"},
    "GI" : { "code": "GIP" ,"symbol": "£"},
    "GL" : { "code": "DKK" ,"symbol": "kr"},
    "GM" : { "code": "GMD" ,"symbol": "D"},
    "GN" : { "code": "GNF" ,"symbol": "FG"},
    "GP" : { "code": "EUR" ,"symbol": "€"},
    "GQ" : { "code": "XAF" ,"symbol": "FCFA"},
    "GR" : { "code": "EUR" ,"symbol": "€"},
    "GS" : { "code": "GBP" ,"symbol": "£"},
    "GT" : { "code": "GTQ" ,"symbol": "Q"},
    "GU" : { "code": "USD" ,"symbol": "$"},
    "GW" : { "code": "XOF" ,"symbol": "CFA"},
    "GY" : { "code": "GYD" ,"symbol": "$"},
    "HK" : { "code": "HKD" ,"symbol": "$"},
    "HM" : { "code": "AUD" ,"symbol": "$"},
    "HN" : { "code": "HNL" ,"symbol": "L"},
    "HR" : { "code": "HRK" ,"symbol": "kn"},
    "HT" : { "code": "HTG" ,"symbol": "G"},
    "HU" : { "code": "HUF" ,"symbol": "Ft"},
    "ID" : { "code": "IDR" ,"symbol": "Rp"},
    "IE" : { "code": "EUR" ,"symbol": "€"},
    "IL" : { "code": "ILS" ,"symbol": "₪"},
    "IM" : { "code": "GBP" ,"symbol": "£"},
    "IN" : { "code": "INR" ,"symbol": "₹"},
    "IO" : { "code": "USD" ,"symbol": "$"},
    "IQ" : { "code": "IQD" ,"symbol": "ع.د"},
    "IR" : { "code": "IRR" ,"symbol": "﷼"},
    "IS" : { "code": "ISK" ,"symbol": "kr"},
    "IT" : { "code": "EUR" ,"symbol": "€"},
    "JE" : { "code": "GBP" ,"symbol": "£"},
    "JM" : { "code": "JMD" ,"symbol": "J$"},
    "JO" : { "code": "JOD" ,"symbol": "JD"},
    "JP" : { "code": "JPY" ,"symbol": "¥"},
    "KE" : { "code": "KES" ,"symbol": "KSh"},
    "KG" : { "code": "KGS" ,"symbol": "лв"},
    "KH" : { "code": "KHR" ,"symbol": "៛"},
    "KI" : { "code": "AUD" ,"symbol": "$"},
    "KM" : { "code": "KMF" ,"symbol": "CF"},
    "KN" : { "code": "XCD" ,"symbol": "$"},
    "KP" : { "code": "KPW" ,"symbol": "₩"},
    "KR" : { "code": "KRW" ,"symbol": "₩"},
    "KW" : { "code": "KWD" ,"symbol": "KD"},
    "KY" : { "code": "KYD" ,"symbol": "$"},
    "KZ" : { "code": "KZT" ,"symbol": "₸"},
    "LA" : { "code": "LAK" ,"symbol": "₭"},
    "LB" : { "code": "LBP" ,"symbol": "£"},
    "LC" : { "code": "XCD" ,"symbol": "$"},
    "LI" : { "code": "CHF" ,"symbol": "CHF"},
    "LK" : { "code": "LKR" ,"symbol": "₨"},
    "LR" : { "code": "LRD" ,"symbol": "$"},
    "LS" : { "code": "LSL" ,"symbol": "M"},
    "LT" : { "code": "LTL" ,"symbol": "Lt"},
    "LU" : { "code": "EUR" ,"symbol": "€"},
    "LV" : { "code": "EUR" ,"symbol": "€"},
    "LY" : { "code": "LYD" ,"symbol": "LD"},
    "MA" : { "code": "MAD" ,"symbol": "MAD"},
    "MC" : { "code": "EUR" ,"symbol": "€"},
    "MD" : { "code": "MDL" ,"symbol": "lei"},
    "ME" : { "code": "EUR" ,"symbol": "€"},
    "MF" : { "code": "EUR" ,"symbol": "€"},
    "MG" : { "code": "MGA" ,"symbol": "Ar"},
    "MH" : { "code": "USD" ,"symbol": "$"},
    "MK" : { "code": "MKD" ,"symbol": "ден"},
    "ML" : { "code": "XOF" ,"symbol": "CFA"},
    "MM" : { "code": "MMK" ,"symbol": "K"},
    "MN" : { "code": "MNT" ,"symbol": "₮"},
    "MO" : { "code": "MOP" ,"symbol": "MOP$"},
    "MP" : { "code": "USD" ,"symbol": "$"},
    "MQ" : { "code": "EUR" ,"symbol": "€"},
    "MR" : { "code": "MRO" ,"symbol": "UM"},
    "MS" : { "code": "XCD" ,"symbol": "$"},
    "MT" : { "code": "EUR" ,"symbol": "€"},
    "MU" : { "code": "MUR" ,"symbol": "₨"},
    "MV" : { "code": "MVR" ,"symbol": "Rf"},
    "MW" : { "code": "MWK" ,"symbol": "MK"},
    "MX" : { "code": "MXN" ,"symbol": "$"},
    "MY" : { "code": "MYR" ,"symbol": "RM"},
    "MZ" : { "code": "MZN" ,"symbol": "MT"},
    "NA" : { "code": "NAD" ,"symbol": "$"},
    "NC" : { "code": "XPF" ,"symbol": "₣"},
    "NE" : { "code": "XOF" ,"symbol": "CFA"},
    "NF" : { "code": "AUD" ,"symbol": "$"},
    "NG" : { "code": "NGN" ,"symbol": "₦"},
    "NI" : { "code": "NIO" ,"symbol": "C$"},
    "NL" : { "code": "EUR" ,"symbol": "€"},
    "NO" : { "code": "NOK" ,"symbol": "kr"},
    "NP" : { "code": "NPR" ,"symbol": "₨"},
    "NR" : { "code": "AUD" ,"symbol": "$"},
    "NU" : { "code": "NZD" ,"symbol": "$"},
    "NZ" : { "code": "NZD" ,"symbol": "$"},
    "OM" : { "code": "OMR" ,"symbol": "﷼"},
    "PA" : { "code": "PAB" ,"symbol": "B/."},
    "PE" : { "code": "PEN" ,"symbol": "S/."},
    "PF" : { "code": "XPF" ,"symbol": "₣"},
    "PG" : { "code": "PGK" ,"symbol": "K"},
    "PH" : { "code": "PHP" ,"symbol": "₱"},
    "PK" : { "code": "PKR" ,"symbol": "₨"},
    "PL" : { "code": "PLN" ,"symbol": "zł"},
    "PM" : { "code": "EUR" ,"symbol": "€"},
    "PN" : { "code": "NZD" ,"symbol": "$"},
    "PR" : { "code": "USD" ,"symbol": "$"},
    "PS" : { "code": "ILS" ,"symbol": "₪"},
    "PT" : { "code": "EUR" ,"symbol": "€"},
    "PW" : { "code": "USD" ,"symbol": "$"},
    "PY" : { "code": "PYG" ,"symbol": "Gs"},
    "QA" : { "code": "QAR" ,"symbol": "﷼"},
    "RE" : { "code": "EUR" ,"symbol": "€"},
    "RO" : { "code": "RON" ,"symbol": "lei"},
    "RS" : { "code": "RSD" ,"symbol": "Дин."},
    "RU" : { "code": "RUB" ,"symbol": "₽"},
    "RW" : { "code": "RWF" ,"symbol": "R₣"},
    "SA" : { "code": "SAR" ,"symbol": "﷼"},
    "SB" : { "code": "SBD" ,"symbol": "$"},
    "SC" : { "code": "SCR" ,"symbol": "₨"},
    "SD" : { "code": "SDG" ,"symbol": "ج.س."},
    "SE" : { "code": "SEK" ,"symbol": "kr"},
    "SG" : { "code": "SGD" ,"symbol": "S$"},
    "SH" : { "code": "SHP" ,"symbol": "£"},
    "SI" : { "code": "EUR" ,"symbol": "€"},
    "SJ" : { "code": "NOK" ,"symbol": "kr"},
    "SK" : { "code": "EUR" ,"symbol": "€"},
    "SL" : { "code": "SLL" ,"symbol": "Le"},
    "SM" : { "code": "EUR" ,"symbol": "€"},
    "SN" : { "code": "XOF" ,"symbol": "CFA"},
    "SO" : { "code": "SOS" ,"symbol": "S"},
    "SR" : { "code": "SRD" ,"symbol": "$"},
    "SS" : { "code": "SSP" ,"symbol": "£"},
    "ST" : { "code": "STD" ,"symbol": "Db"},
    "SV" : { "code": "USD" ,"symbol": "$"},
    "SX" : { "code": "ANG" ,"symbol": "ƒ"},
    "SY" : { "code": "SYP" ,"symbol": "£"},
    "SZ" : { "code": "SZL" ,"symbol": "E"},
    "TC" : { "code": "USD" ,"symbol": "$"},
    "TD" : { "code": "XAF" ,"symbol": "FCFA"},
    "TF" : { "code": "EUR" ,"symbol": "€"},
    "TG" : { "code": "XOF" ,"symbol": "CFA"},
    "TH" : { "code": "THB" ,"symbol": "฿"},
    "TJ" : { "code": "TJS" ,"symbol": "SM"},
    "TK" : { "code": "NZD" ,"symbol": "$"},
    "TL" : { "code": "USD" ,"symbol": "$"},
    "TM" : { "code": "TMT" ,"symbol": "T"},
    "TN" : { "code": "TND" ,"symbol": "د.ت"},
    "TO" : { "code": "TOP" ,"symbol": "T$"},
    "TR" : { "code": "TRY" ,"symbol": "₺"},
    "TT" : { "code": "TTD" ,"symbol": "TT$"},
    "TV" : { "code": "AUD" ,"symbol": "$"},
    "TW" : { "code": "TWD" ,"symbol": "NT$"},
    "TZ" : { "code": "TZS" ,"symbol": "TSh"},
    "UA" : { "code": "UAH" ,"symbol": "₴"},
    "UG" : { "code": "UGX" ,"symbol": "USh"},
    "UM" : { "code": "USD" ,"symbol": "$"},
    "US" : { "code": "USD" ,"symbol": "$"},
    "UY" : { "code": "UYU" ,"symbol": "$U"},
    "UZ" : { "code": "UZS" ,"symbol": "лв"},
    "VA" : { "code": "EUR" ,"symbol": "€"},
    "VC" : { "code": "XCD" ,"symbol": "$"},
    "VE" : { "code": "VEF" ,"symbol": "Bs"},
    "VG" : { "code": "USD" ,"symbol": "$"},
    "VI" : { "code": "USD" ,"symbol": "$"},
    "VN" : { "code": "VND" ,"symbol": "₫"},
    "VU" : { "code": "VUV" ,"symbol": "VT"},
    "WF" : { "code": "XPF" ,"symbol": "₣"},
    "WS" : { "code": "WST" ,"symbol": "WS$"},
    "XK" : { "code": "EUR" ,"symbol": "€"},
    "YE" : { "code": "YER" ,"symbol": "﷼"},
    "YT" : { "code": "EUR" ,"symbol": "€"},
    "ZA" : { "code": "ZAR" ,"symbol": "R"},
    "ZM" : { "code": "ZMK" ,"symbol": "ZK"},
    "ZW" : { "code": "ZWL" ,"symbol": "$"}
  }
  